<?xml version="1.0" encoding="UTF-8"?>
<error_code>
    <code id='1'>
        <code>1</code>
        <status>400</status>
        <message>Bad Request</message>
    </code>
    <code id='2'>
        <code>2</code>
        <status>400</status>
        <message>Missing required fields.</message>
    </code>
    <code id='3'>
        <code>3</code>
        <status>500</status>
        <message>Something went wrong.</message>
    </code>
    <code id='4'>
        <code>4</code>
        <status>401</status>
        <message>Api Key does not match.</message>
    </code>
    <code id='5'>
        <code>5</code>
        <status>401</status>
        <message>Userid and Token does not match.</message>
    </code>
    <code id='6'>
        <code>6</code>
        <status>422</status>
        <message>Username/Password is wrong.</message>
    </code> 
    
    <code id='7'>
        <code>7</code>
        <status>200</status>
        <message>Password successfully Updated.</message>
    </code>
    <code id='8'>
        <code>8</code>
        <status>422</status>
        <message>Old Password does not match.</message>
    </code>
    <code id='9'>
        <code>9</code>
        <status>402</status>
        <message>Old password and new password are same.</message>
    </code>
    <code id='10'>
        <code>10</code>
        <status>200</status>
        <message>Password changed successfully.</message>
    </code>
    <code id='11'>
        <code>11</code>
        <status>402</status>
        <message>Otp does not match.</message>
    </code>
    <code id='12'>
        <code>12</code>
        <status>402</status>
        <message>New password and Confirm password must be same.</message>
    </code>
    <code id='13'>
        <code>13</code>
        <status>200</status>
        <message>Ok</message>
    </code>
    <code id='14'>
        <code>14</code>
        <status>403</status>
        <message>Ip address is blocked.</message>
    </code>
    <code id='15'>
        <code>15</code>
        <status>403</status>
        <message>Api are blocked.</message>
    </code>
    <code id='16'>
        <code>16</code>
        <status>422</status>
        <message>Please provide your mobile number.</message>
    </code>
    <code id='17'>
        <code>17</code>
        <status>402</status>
        <message>Mobile number not registerd.</message>
    </code>
    <code id='18'>
        <code>18</code>
        <status>200</status>
        <message>Otp sent to your mobile.</message>
    </code>
    <code id='19'>
        <code>19</code>
        <status>402</status>
        <message>Otp not sent</message>
    </code>
    <code id='20'>
        <code>20</code>
        <status>402</status>
        <message>Record not found.</message>
    </code>
    <code id='21'>
        <code>21</code>
        <status>402</status>
        <message>User with either same email or mobile already exist.</message>
    </code>
    <code id='22'>
        <code>22</code>
        <status>200</status>
        <message>Profile updated sucessfully</message>
    </code>
    <code id='23'>
        <code>23</code>
        <status>402</status>
        <message>Mobile already exist.</message>
    </code>
    <code id='24'>
        <code>24</code>
        <status>402</status>
        <message>Mobile Number/OTP not valid.</message>
    </code>
    <code id='25'>
        <code>25</code>
        <status>200</status>
        <message>User registered successfully and OTP sent to your mobile.</message>
    </code>
    <code id='26'>
        <code>26</code>
        <status>403</status>
        <message>Can not send message on registered mobile number.</message>
    </code>
    <code id='27'>
        <code>27</code>
        <status>200</status>
        <message>Registration via google successful. </message>
    </code>
    <code id='28'>
        <code>28</code>
        <status>200</status>
        <message>Registration via facebook successful. </message>
    </code>
    <code id='29'>
        <code>29</code>
        <status>200</status>
        <message>Login via google successful. </message>
    </code>
    <code id='30'>
        <code>30</code>
        <status>200</status>
        <message>Login via facebook successful. </message>
    </code>
    <code id='31'>
        <code>31</code>
        <status>200</status>
        <message>Mobile Number verified successfully. </message>
    </code>
    <code id='32'>
        <code>32</code>
        <status>200</status>
        <message>OTP Sent on registered mobile number. </message>
    </code>
    <code id='33'>
        <code>33</code>
        <status>403</status>
        <message>OTP can not be sent on registered mobile number. </message>
    </code>
    <code id='34'>
        <code>34</code>
        <status>403</status>
        <message>Invalid User. </message>
    </code>
    <code id='35'>
        <code>35</code>
        <status>200</status>
        <message>Login Successful. </message>
    </code>
    <code id='36'>
        <code>36</code>
        <status>200</status>
        <message>KYC document uploaded successfully. </message>
    </code>
    <code id='37'>
        <code>37</code>
        <status>403</status>
        <message>KYC document could not be uploaded. </message>
    </code>
    <code id='38'>
        <code>38</code>
        <status>400</status>
        <message>KYC document missing. </message>
    </code>
    <code id='39'>
        <code>39</code>
        <status>400</status>
        <message>Email already exists. </message>
    </code>
    <code id='40'>
        <code>40</code>
        <status>400</status>
        <message>Mobile already exists. </message>
    </code>
</error_code>
